time_ms,ir_raw,red_raw,systolic_label,diastolic_label
49258,105065,98512,131,78
49268,105121,98559,131,78
49278,105192,98603,131,78
49289,105277,98612,131,78
49299,105368,98658,131,78
49308,105398,98682,131,78
49318,105420,98668,131,78
49329,105393,98656,131,78
49339,105432,98649,131,78
49349,105406,98647,131,78
49359,105380,98604,131,78
49369,105347,98583,131,78
49379,105367,98560,131,78
49389,105297,98535,131,78
49399,105253,98508,131,78
49409,105185,98469,131,78
49419,105164,98445,131,78
49429,105047,98391,131,78
49439,104893,98324,131,78
49449,104675,98239,131,78
49459,104438,98146,131,78
49469,104106,97996,131,78
49479,103796,97873,131,78
49489,103413,97713,131,78
49499,103103,97577,131,78
49509,102813,97436,131,78
49519,102600,97354,131,78
49530,102430,97266,131,78
49540,102357,97245,131,78
49549,102340,97234,131,78
49559,102376,97254,131,78
49569,102448,97254,131,78
49580,102570,97319,131,78
49590,102715,97397,131,78
49600,102871,97473,131,78
49610,102991,97501,131,78
49620,103153,97605,131,78
49630,103236,97641,131,78
49640,103343,97686,131,78
49650,103405,97677,131,78
49660,103474,97729,131,78
49670,103542,97755,131,78
49680,103653,97817,131,78
49690,103734,97834,131,78
49700,103827,97893,131,78
49710,103928,97963,131,78
49720,103942,97973,131,78
49730,103921,97970,131,78
49740,103898,97977,131,78
49750,103855,97926,131,78
49760,103850,97942,131,78
49771,103840,97947,131,78
49780,103893,97969,131,78
49790,103911,97948,131,78
49800,103928,97962,131,78
49811,103921,97954,131,78
49821,103941,97982,131,78
49831,103948,97944,131,78
49841,103952,97974,131,78
49851,103957,97988,131,78
49861,103963,98007,131,78
49871,103972,97990,131,78
49881,104038,98024,131,78
49891,104111,98050,131,78
49901,104174,98068,131,78
49911,104248,98100,131,78
49921,104364,98170,131,78
49931,104391,98174,131,78
49941,104503,98227,131,78
49951,104595,98267,131,78
49961,104678,98307,131,78
49971,104764,98358,131,78
49982,104855,98393,131,78
49991,104925,98448,131,78
50001,104998,98472,131,78
50011,105048,98492,131,78
50022,105116,98549,131,78
50032,105171,98549,131,78
50042,105253,98577,131,78
50051,105364,98626,131,78
50062,105412,98638,131,78
50072,105389,98630,131,78
50082,105318,98605,131,78
50092,105074,98488,131,78
50102,104762,98353,131,78
50112,104409,98208,131,78
50122,104037,98058,131,78
50132,103660,97890,131,78
50142,103354,97764,131,78
50152,103109,97656,131,78
50162,102894,97576,131,78
50172,102728,97479,131,78
50182,102684,97462,131,78
50192,102650,97435,131,78
50202,102693,97461,131,78
50212,102775,97499,131,78
50222,102890,97540,131,78
50232,102977,97581,131,78
50243,103113,97638,131,78
50252,103232,97697,131,78
50262,103338,97724,131,78
50273,103439,97784,131,78
50283,103608,97866,131,78
50293,103712,97881,131,78
50303,103824,97915,131,78
50312,103953,98000,131,78
50323,104081,98025,131,78
50333,104174,98048,131,78
50343,104259,98128,131,78
50353,104360,98155,131,78
50363,104399,98163,131,78
50373,104455,98187,131,78
50383,104471,98208,131,78
50393,104483,98186,131,78
50403,104536,98215,131,78
50413,104591,98246,131,78
50423,104649,98252,131,78
50433,104666,98281,131,78
50443,104727,98296,131,78
50453,104732,98288,131,78
50463,104761,98306,131,78
50473,104804,98340,131,78
50484,104844,98357,131,78
50494,104838,98352,131,78
50503,104884,98386,131,78
50513,104940,98416,131,78
50524,105004,98459,131,78
50534,105081,98499,131,78
50544,105190,98515,131,78
50554,105244,98534,131,78
50564,105328,98603,131,78
50574,105399,98616,131,78
50584,105448,98627,131,78
50594,105518,98676,131,78
50604,105597,98710,131,78
50614,105680,98755,131,78
50624,105750,98794,131,78
50634,105850,98826,131,78
50644,105937,98876,131,78
50654,105998,98879,131,78
50664,106074,98927,131,78
50674,106089,98933,131,78
50685,106153,98965,131,78
50694,106194,98990,131,78
50704,106171,98932,131,78
50714,106136,98923,131,78
50725,106035,98903,131,78
50735,105826,98812,131,78
50745,105559,98714,131,78
50754,105299,98608,131,78
50765,104964,98456,131,78
50775,104689,98353,131,78
50785,104490,98271,131,78
50795,104285,98167,131,78
50805,104190,98147,131,78
50815,104139,98111,131,78
50825,104128,98090,131,78
50835,104150,98113,131,78
50845,104196,98113,131,78
50855,104249,98107,131,78
50865,104320,98145,131,78
50875,104351,98146,131,78
50885,104410,98195,131,78
50895,104517,98249,131,78
50905,104622,98295,131,78
50916,104794,98360,131,78
50925,104958,98466,131,78
50935,105110,98503,131,78
50945,105229,98571,131,78
50956,105369,98637,131,78
50966,105470,98656,131,78
50975,105635,98734,131,78
50986,105726,98750,131,78
50996,105835,98802,131,78
51006,105938,98860,131,78
51016,106007,98877,131,78
51026,106034,98906,131,78
51036,106078,98944,131,78
51046,106061,98924,131,78
51056,106070,98918,131,78
51066,106062,98890,131,78
51076,106071,98920,131,78
51086,106048,98916,131,78
51096,106109,98925,131,78
51106,106094,98907,131,78
51116,106172,98939,131,78
51126,106212,98971,131,78
51136,106312,99011,131,78
51146,106348,99033,131,78
51156,106426,99067,131,78
51166,106498,99115,131,78
51177,106560,99122,131,78
51187,106612,99158,131,78
51196,106736,99204,131,78
51207,106824,99235,131,78
51217,106954,99308,131,78
51227,107069,99351,131,78
51237,107174,99388,131,78
51247,107275,99442,131,78
51257,107357,99456,131,78
51267,107411,99492,131,78
51277,107493,99493,131,78
51287,107536,99520,131,78
51297,107643,99578,131,78
51307,107710,99574,131,78
51317,107778,99630,131,78
51327,107817,99674,131,78
51337,107830,99653,131,78
51347,107765,99647,131,78
51357,107628,99570,131,78
51367,107431,99494,131,78
51377,107220,99401,131,78
51387,106921,99261,131,78
51397,106666,99161,131,78
51407,106358,99007,131,78
51417,106071,98888,131,78
51428,105844,98784,131,78
51438,105664,98722,131,78
51447,105517,98665,131,78
51457,105407,98635,131,78
51468,105375,98596,131,78
51478,105383,98610,131,78
51488,105341,98573,131,78
51498,105358,98610,131,78
51508,105390,98616,131,78
51518,105445,98620,131,78
51528,105505,98651,131,78
51538,105575,98691,131,78
51548,105635,98673,131,78
51558,105764,98749,131,78
51568,105823,98752,131,78
51578,105955,98841,131,78
51588,106039,98862,131,78
51598,106146,98902,131,78
51608,106238,98957,131,78
51618,106279,98955,131,78
51628,106365,98998,131,78
51638,106384,99019,131,78
51649,106394,98992,131,78
51658,106370,98989,131,78
51668,106364,98960,131,78
51678,106331,98936,131,78
51689,106360,98961,131,78
51699,106357,98942,131,78
51708,106386,98958,131,78
51719,106425,98965,131,78
51729,106464,99000,131,78
51739,106481,99018,131,78
51749,106485,99001,131,78
51759,106504,99001,131,78
51769,106550,99039,131,78
51779,106534,99020,131,78
51789,106549,99017,131,78
51799,106578,99042,131,78
51809,106565,99017,131,78
51819,106606,99042,131,78
51829,106646,99044,131,78
51839,106670,99058,131,78
51849,106751,99082,131,78
51859,106805,99126,131,78
51869,106841,99122,131,78
51879,106918,99189,131,78
51889,106934,99162,131,78
51899,106975,99185,131,78
51910,106978,99174,131,78
51920,106969,99188,131,78
51929,106959,99190,131,78
51939,106927,99165,131,78
51950,106911,99147,131,78
51960,106927,99140,131,78
51970,106936,99142,131,78
51980,106946,99139,131,78
51990,107016,99159,131,78
52000,107062,99185,131,78
52010,107088,99173,131,78
52020,107118,99198,131,78
52030,107115,99209,131,78
52040,107031,99165,131,78
52050,106826,99095,131,78
52060,106651,99007,131,78
52070,106356,98886,131,78
52080,106082,98765,131,78
52090,105775,98634,131,78
52100,105518,98539,131,78
52110,105273,98432,131,78
52120,105098,98371,131,78
52130,104955,98297,131,78
52140,104845,98251,131,78
52150,104787,98224,131,78
52161,104751,98182,131,78
52171,104770,98201,131,78
52180,104810,98229,131,78
52191,104850,98243,131,78
52201,104965,98305,131,78
52211,105037,98333,131,78
52221,105144,98367,131,78
52231,105212,98422,131,78
52241,105275,98450,131,78
52251,105334,98469,131,78
52261,105427,98513,131,78
52271,105480,98540,131,78
52281,105573,98551,131,78
52291,105668,98622,131,78
52301,105753,98637,131,78
52311,105793,98655,131,78
52321,105911,98712,131,78
52331,105954,98725,131,78
52341,105976,98733,131,78
52351,105990,98730,131,78
52361,105953,98724,131,78
52371,105915,98707,131,78
52381,105943,98727,131,78
52391,105915,98734,131,78
52402,105962,98770,131,78
52411,105986,98757,131,78
52421,105975,98764,131,78
52432,106026,98777,131,78
52442,106019,98772,131,78
52452,106001,98742,131,78
52461,106005,98763,131,78
52472,105985,98734,131,78
52482,105985,98753,131,78
52492,106028,98764,131,78
52502,106053,98768,131,78
52512,106090,98763,131,78
52522,106161,98814,131,78
52532,106240,98840,131,78
52542,106289,98876,131,78
52552,106329,98876,131,78
52562,106378,98942,131,78
52572,106404,98908,131,78
52582,106377,98913,131,78
52592,106383,98891,131,78
52602,106372,98905,131,78
52612,106386,98887,131,78
52622,106390,98908,131,78
52632,106346,98854,131,78
52643,106296,98848,131,78
52653,106218,98775,131,78
52662,106138,98772,131,78
52672,106035,98703,131,78
52683,105974,98680,131,78
52693,105959,98675,131,78
52703,105904,98666,131,78
52713,105798,98597,131,78
52723,105669,98571,131,78
52733,105492,98499,131,78
52743,105233,98389,131,78
52753,104919,98264,131,78
52763,104640,98172,131,78
52773,104312,98005,131,78
52783,104034,97889,131,78
52793,103845,97808,131,78
52803,103694,97746,131,78
52813,103625,97716,131,78
52823,103631,97744,131,78
52833,103674,97729,131,78
52843,103712,97767,131,78
52854,103793,97788,131,78
52863,103877,97828,131,78
52873,103941,97849,131,78
52883,104016,97880,131,78
52894,104056,97891,131,78
52904,104089,97909,131,78
52914,104174,97939,131,78
52923,104285,97993,131,78
52934,104344,98018,131,78
52944,104390,98040,131,78
52954,104453,98073,131,78
52964,104456,98068,131,78
52974,104466,98057,131,78
52984,104472,98066,131,78
52994,104417,98023,131,78
53004,104350,98011,131,78
53014,104295,97981,131,78
53024,104237,97949,131,78
53034,104169,97922,131,78
53044,104152,97924,131,78
53054,104142,97923,131,78
53064,104149,97919,131,78
53074,104165,97918,131,78
53084,104169,97912,131,78
53094,104181,97928,131,78
53104,104166,97935,131,78
53114,104094,97874,131,78
53125,104063,97871,131,78
53135,104044,97888,131,78
53144,104069,97879,131,78
53154,104140,97903,131,78
53165,104248,97976,131,78
53175,104328,98020,131,78
53185,104342,98034,131,78
53195,104359,98022,131,78
53205,104373,98033,131,78
53215,104378,98058,131,78
53225,104368,98053,131,78
53235,104414,98069,131,78
53245,104535,98123,131,78
53255,104702,98221,131,78
53265,104820,98254,131,78
53275,104927,98288,131,78
53285,104997,98344,131,78
53295,105059,98363,131,78
53305,105079,98358,131,78
53315,105117,98393,131,78
53325,105172,98430,131,78
53335,105207,98440,131,78
53346,105199,98431,131,78
53355,105176,98450,131,78
53365,105060,98391,131,78
53375,104854,98299,131,78
53386,104638,98218,131,78
53396,104330,98082,131,78
53406,103986,97955,131,78
53416,103658,97810,131,78
53425,103333,97667,131,78
53436,103073,97561,131,78
53446,102922,97504,131,78
53456,102877,97496,131,78
53466,102846,97488,131,78
53476,102860,97492,131,78
53486,102939,97548,131,78
53496,103029,97592,131,78
53506,103115,97646,131,78
53516,103224,97718,131,78
53526,103318,97732,131,78
53536,103446,97775,131,78
53546,103513,97826,131,78
53556,103584,97850,131,78
53566,103650,97881,131,78
53576,103722,97890,131,78
53586,103792,97924,131,78
53597,103861,97946,131,78
53607,103993,98030,131,78
53616,104102,98068,131,78
53626,104165,98089,131,78
53637,104259,98135,131,78
53647,104321,98161,131,78
53657,104300,98141,131,78
53667,104280,98143,131,78
53677,104272,98152,131,78
53687,104264,98113,131,78
53697,104275,98149,131,78
53707,104330,98177,131,78
53717,104349,98193,131,78
53727,104356,98192,131,78
53737,104396,98213,131,78
53747,104400,98207,131,78
53757,104402,98205,131,78
53767,104452,98221,131,78
53777,104468,98239,131,78
53787,104532,98279,131,78
53797,104626,98310,131,78
53807,104657,98330,131,78
53817,104743,98377,131,78
53827,104820,98397,131,78
53837,104869,98423,131,78
53848,104919,98447,131,78
53857,104959,98479,131,78
53867,104968,98453,131,78
53877,105030,98488,131,78
53888,105108,98525,131,78
53898,105166,98538,131,78
53908,105252,98580,131,78
53917,105367,98646,131,78
53928,105403,98665,131,78
53938,105474,98687,131,78
53948,105558,98718,131,78
53958,105617,98737,131,78
53968,105668,98776,131,78
53978,105679,98778,131,78
53988,105566,98698,131,78
53998,105392,98638,131,78
54008,105154,98540,131,78
54018,104878,98390,131,78
54028,104552,98252,131,78
54038,104246,98156,131,78
54048,103942,98007,131,78
54058,103698,97909,131,78
54068,103437,97806,131,78
54078,103298,97748,131,78
54088,103176,97685,131,78
54099,103147,97681,131,78
54108,103153,97694,131,78
54118,103191,97696,131,78
54128,103197,97702,131,78
54139,103273,97739,131,78
54149,103285,97752,131,78
54159,103361,97762,131,78
54168,103392,97783,131,78
54179,103453,97809,131,78
54189,103485,97832,131,78
54199,103596,97872,131,78
54209,103681,97905,131,78
54219,103798,97965,131,78
54229,103928,98013,131,78
54239,104086,98085,131,78
54249,104210,98123,131,78
54259,104326,98196,131,78
54269,104415,98259,131,78
54279,104497,98284,131,78
54289,104548,98318,131,78
54299,104629,98369,131,78
54309,104633,98351,131,78
54319,104689,98379,131,78
54329,104725,98412,131,78
54339,104741,98402,131,78
54350,104744,98415,131,78
54359,104807,98441,131,78
54369,104808,98426,131,78
54379,104869,98475,131,78
54390,104933,98501,131,78
54400,104981,98546,131,78
54409,105024,98570,131,78
54420,105081,98572,131,78
54430,105119,98594,131,78
54440,105200,98626,131,78
54450,105215,98643,131,78
54460,105284,98683,131,78
54470,105325,98695,131,78
54480,105340,98690,131,78
54490,105402,98740,131,78
54500,105463,98760,131,78
54510,105531,98786,131,78
54520,105603,98817,131,78
54530,105672,98834,131,78
54540,105795,98902,131,78
54550,105837,98911,131,78
54560,105962,98947,131,78
54570,106000,98974,131,78
54580,106078,98998,131,78
54590,106120,99028,131,78
54600,106181,99042,131,78
54611,106187,99029,131,78
54620,106232,99051,131,78
54630,106163,99026,131,78
54641,106108,99025,131,78
54651,105918,98960,131,78
54661,105683,98839,131,78
54670,105372,98712,131,78
54681,105013,98555,131,78
54691,104639,98397,131,78
54701,104284,98263,131,78
54711,103976,98118,131,78
54721,103753,98047,131,78
54731,103596,97944,131,78
54741,103513,97914,131,78
54751,103455,97905,131,78
54761,103426,97876,131,78
54771,103464,97899,131,78
54781,103519,97920,131,78
54791,103526,97934,131,78
54801,103567,97970,131,78
54811,103591,97948,131,78
54821,103638,97992,131,78
54831,103735,98034,131,78
54841,103835,98054,131,78
54851,103944,98112,131,78
54861,104050,98185,131,78
54872,104196,98198,131,78
54881,104358,98297,131,78
54891,104486,98325,131,78
54902,104610,98385,131,78
54912,104742,98436,131,78
54922,104824,98491,131,78
54931,104888,98515,131,78
54942,104911,98539,131,78
54952,104906,98524,131,78
54962,104921,98530,131,78
54972,104883,98532,131,78
54982,104899,98528,131,78
54992,104917,98534,131,78
55002,104936,98540,131,78
55012,104958,98573,131,78
55022,105058,98603,131,78
55032,105087,98607,131,78
55042,105141,98637,131,78
55052,105167,98664,131,78
55062,105226,98666,131,78
55072,105279,98711,131,78
55082,105331,98726,131,78
55092,105385,98761,131,78
55102,105465,98787,131,78
55112,105505,98818,131,78
55122,105611,98864,131,78
55133,105700,98899,131,78
55143,105836,98956,131,78
55152,105992,99029,131,78
55163,106161,99119,131,78
55173,106376,99207,131,78
55183,106545,99292,131,78
55193,106701,99360,131,78
55203,106864,99449,131,78
55213,106988,99487,131,78
55223,107150,99586,131,78
55233,107251,99615,131,78
55243,107416,99687,131,78
55253,107510,99725,131,78
55263,107624,99789,131,78
55273,107739,99840,131,78
55283,107857,99879,131,78
55293,107957,99933,131,78
55303,108063,99988,131,78
55313,108134,100005,131,78
55324,108191,100043,131,78
55333,108163,100000,131,78
55343,108058,99977,131,78
55354,107867,99876,131,78
55363,107610,99784,131,78
55373,107316,99659,131,78
55384,106978,99533,131,78
55394,106634,99354,131,78
55403,106292,99226,131,78
55414,105985,99093,131,78
55424,105726,98987,131,78
55434,105542,98886,131,78
55444,105389,98830,131,78
55454,105306,98804,131,78
55464,105259,98795,131,78
55474,105262,98759,131,78
55484,105281,98779,131,78
55494,105311,98810,131,78
55504,105354,98821,131,78
55514,105397,98840,131,78
55524,105432,98862,131,78
55534,105449,98853,131,78
55544,105467,98855,131,78
55554,105519,98867,131,78
55564,105596,98894,131,78
55574,105670,98901,131,78
55584,105753,98953,131,78
55595,105839,98995,131,78
55604,105954,99039,131,78
55614,106019,99073,131,78
55625,106088,99118,131,78
55635,106163,99126,131,78
55644,106185,99162,131,78
55655,106217,99146,131,78
55665,106245,99167,131,78
55675,106255,99157,131,78
55685,106255,99177,131,78
55695,106266,99171,131,78
55705,106272,99195,131,78
55715,106298,99181,131,78
55725,106343,99214,131,78
55735,106376,99202,131,78
55745,106443,99279,131,78
55755,106495,99272,131,78
55765,106590,99339,131,78
55775,106616,99318,131,78
55785,106718,99374,131,78
55795,106749,99396,131,78
55805,106831,99440,131,78
55815,106911,99437,131,78
55825,107001,99484,131,78
55835,107047,99522,131,78
55845,107111,99552,131,78
55855,107168,99586,131,78
55866,107210,99596,131,78
55875,107264,99603,131,78
55885,107275,99595,131,78
55896,107340,99642,131,78
55906,107421,99666,131,78
55916,107521,99680,131,78
55926,107609,99719,131,78
55936,107681,99761,131,78
55946,107743,99783,131,78
55956,107831,99817,131,78
55966,107873,99828,131,78
55976,107936,99873,131,78
55986,107980,99888,131,78
55996,108047,99919,131,78
56006,108067,99931,131,78
56016,108102,99944,131,78
56026,108067,99933,131,78
56036,107928,99879,131,78
56046,107708,99778,131,78
56056,107412,99630,131,78
56066,107099,99487,131,78
56076,106716,99342,131,78
56086,106365,99185,131,78
56097,105964,99014,131,78
56106,105596,98857,131,78
56116,105299,98721,131,78
56127,105040,98627,131,78
56137,104864,98558,131,78
56147,104769,98523,131,78
56157,104737,98501,131,78
56167,104740,98473,131,78
56177,104834,98524,131,78
56187,104861,98561,131,78
56197,104975,98612,131,78
56207,105045,98645,131,78
56217,105119,98670,131,78
56227,105199,98723,131,78
56237,105298,98749,131,78
56247,105377,98778,131,78
56257,105471,98835,131,78
56267,105503,98832,131,78
56277,105550,98843,131,78
56287,105532,98834,131,78
56297,105596,98889,131,78
56308,105626,98875,131,78
56317,105640,98875,131,78
56327,105711,98894,131,78
56338,105738,98902,131,78
56348,105821,98959,131,78
56358,105870,98951,131,78
56368,105920,99008,131,78
56378,105926,98990,131,78
56388,105967,99023,131,78
56398,105973,99007,131,78
56408,105983,99047,131,78
56418,105988,99005,131,78
56428,105986,99035,131,78
56438,105985,99027,131,78
56448,105991,99025,131,78
56458,106017,99034,131,78
56468,106037,99043,131,78
56478,106097,99073,131,78
56488,106142,99076,131,78
56498,106225,99116,131,78
56508,106276,99128,131,78
56518,106354,99178,131,78
56529,106410,99190,131,78
56538,106480,99240,131,78
56548,106578,99270,131,78
56559,106648,99299,131,78
56569,106722,99328,131,78
56578,106829,99379,131,78
56589,106893,99425,131,78
56599,107022,99467,131,78
56609,107075,99482,131,78
56619,107198,99536,131,78
56629,107244,99547,131,78
56639,107333,99562,131,78
56649,107362,99557,131,78
56659,107425,99594,131,78
56669,107429,99612,131,78
56679,107501,99632,131,78
56689,107558,99663,131,78
56699,107622,99670,131,78
56709,107666,99706,131,78
56719,107677,99708,131,78
56729,107685,99712,131,78
56740,107572,99664,131,78
56749,107402,99610,131,78
56759,107139,99496,131,78
56770,106832,99372,131,78
56780,106476,99218,131,78
56789,106140,99082,131,78
56800,105784,98922,131,78
56810,105465,98809,131,78
56820,105179,98668,131,78
56829,104926,98586,131,78
56840,104733,98474,131,78
56850,104635,98441,131,78
56860,104531,98418,131,78
56870,104533,98397,131,78
56880,104574,98439,131,78
56890,104611,98455,131,78
56900,104715,98483,131,78
56910,104798,98518,131,78
56920,104898,98562,131,78
56930,104986,98597,131,78
56940,105149,98673,131,78
56950,105275,98717,131,78
56960,105446,98795,131,78
56970,105547,98826,131,78
56980,105701,98923,131,78
56990,105736,98911,131,78
57000,105841,98970,131,78
57010,105866,98946,131,78
57020,105970,99010,131,78
57031,105965,98992,131,78
57040,106021,99041,131,78
57050,106038,99029,131,78
57061,106073,99054,131,78
57071,106083,99049,131,78
57080,106093,99049,131,78
57091,106064,99028,131,78
57101,106069,99033,131,78
57111,106052,99024,131,78
57121,106058,99015,131,78
57131,106027,99009,131,78
57141,106031,98997,131,78
57151,106070,98995,131,78
57161,106066,99028,131,78
57171,106123,99042,131,78
57181,106191,99056,131,78
57191,106260,99092,131,78
57201,106298,99118,131,78
57211,106365,99147,131,78
57221,106418,99174,131,78
57231,106453,99174,131,78
57241,106500,99213,131,78
57251,106584,99251,131,78
57261,106653,99275,131,78
57271,106733,99325,131,78
57282,106804,99336,131,78
57291,106900,99376,131,78
57301,106941,99397,131,78
57312,107035,99437,131,78
57322,107077,99457,131,78
57331,107167,99488,131,78
57342,107213,99498,131,78
57352,107266,99535,131,78
57362,107315,99547,131,78
57372,107306,99523,131,78
57382,107329,99547,131,78
57392,107342,99521,131,78
57402,107375,99562,131,78
57412,107372,99548,131,78
57422,107305,99553,131,78
57432,107168,99456,131,78
57442,106944,99387,131,78
57452,106615,99247,131,78
57462,106279,99118,131,78
57472,105904,98939,131,78
57482,105600,98832,131,78
57492,105277,98675,131,78
57502,105072,98623,131,78
57512,104914,98555,131,78
57522,104804,98516,131,78
57533,104761,98497,131,78
57542,104764,98509,131,78
57552,104825,98531,131,78
57563,104939,98585,131,78
57573,105036,98633,131,78
57582,105165,98682,131,78
57593,105298,98758,131,78
57603,105386,98773,131,78
57613,105453,98801,131,78
57623,105519,98826,131,78
57633,105593,98860,131,78
57643,105673,98895,131,78
57653,105785,98940,131,78
57663,105869,98951,131,78
57673,105994,99023,131,78
57683,106065,99025,131,78
57693,106151,99065,131,78
57703,106188,99058,131,78
57713,106189,99084,131,78
57723,106201,99065,131,78
57733,106180,99047,131,78
57743,106175,99061,131,78
57754,106132,99029,131,78
57763,106128,99038,131,78
57773,106107,99014,131,78
57784,106082,99029,131,78
57794,106041,98990,131,78
57803,106031,99004,131,78
57814,106005,98970,131,78
57824,105979,98944,131,78
57834,105990,98958,131,78
57844,106013,98964,131,78
57854,106024,98964,131,78
57864,106053,98960,131,78
57874,106023,98945,131,78
57884,106061,98970,131,78
57894,106012,98937,131,78
57904,106050,98971,131,78
57914,106045,98953,131,78
57924,106108,98982,131,78
57934,106184,99016,131,78
57944,106237,99047,131,78
57954,106288,99063,131,78
57964,106398,99122,131,78
57974,106403,99105,131,78
57984,106455,99141,131,78
57994,106428,99139,131,78
58005,106433,99113,131,78
58014,106449,99132,131,78
58024,106494,99154,131,78
58035,106536,99180,131,78
58045,106617,99218,131,78
58055,106636,99222,131,78
58064,106707,99244,131,78
58075,106737,99241,131,78
58085,106773,99259,131,78
58095,106799,99281,131,78
58105,106780,99256,131,78
58115,106690,99244,131,78
58125,106543,99181,131,78
58135,106296,99050,131,78
58145,106010,98942,131,78
58155,105659,98787,131,78
58165,105321,98664,131,78
58175,105027,98535,131,78
58185,104758,98415,131,78
58195,104492,98316,131,78
58205,104341,98280,131,78
58215,104189,98177,131,78
58225,104126,98195,131,78
58235,104090,98153,131,78
58245,104126,98170,131,78
58256,104188,98221,131,78
58266,104296,98240,131,78
58276,104382,98278,131,78
58285,104543,98342,131,78
58296,104655,98384,131,78
58306,104770,98469,131,78
58316,104867,98473,131,78
58326,104944,98522,131,78
58336,105053,98562,131,78
58346,105070,98582,131,78
58356,105138,98579,131,78
58366,105214,98649,131,78
58376,105234,98648,131,78
58386,105345,98687,131,78
58396,105366,98692,131,78
58406,105379,98701,131,78
58416,105361,98688,131,78
58426,105365,98682,131,78
58436,105291,98639,131,78
58446,105269,98665,131,78
58456,105232,98607,131,78
58466,105188,98601,131,78
58476,105175,98596,131,78
58487,105169,98593,131,78
58497,105154,98565,131,78
58506,105174,98608,131,78
58516,105175,98577,131,78
58527,105169,98603,131,78
58537,105190,98602,131,78
58547,105192,98618,131,78
58557,105211,98594,131,78
58567,105252,98636,131,78
58577,105299,98639,131,78
58587,105376,98691,131,78
58597,105435,98712,131,78
58607,105509,98753,131,78
58617,105579,98779,131,78
58627,105599,98771,131,78
58637,105644,98784,131,78
58647,105679,98827,131,78
58657,105700,98812,131,78
58667,105672,98813,131,78
58677,105658,98788,131,78
58687,105622,98764,131,78
58697,105593,98736,131,78
58707,105600,98765,131,78
58718,105588,98748,131,78
58728,105636,98755,131,78
58737,105683,98788,131,78
58747,105744,98807,131,78
58758,105766,98821,131,78
58768,105706,98792,131,78
58778,105577,98730,131,78
58788,105292,98631,131,78
58798,104979,98487,131,78
58808,104664,98363,131,78
58818,104339,98215,131,78
58828,104066,98120,131,78
58838,103850,98027,131,78
58848,103650,97929,131,78
58858,103510,97877,131,78
58868,103445,97855,131,78
58878,103377,97816,131,78
58888,103365,97818,131,78
58898,103393,97828,131,78
58908,103454,97834,131,78
58918,103513,97854,131,78
58928,103616,97934,131,78
58938,103702,97946,131,78
58948,103784,97978,131,78
58958,103875,98031,131,78
58969,103961,98068,131,78
58979,104007,98077,131,78
58989,104107,98145,131,78
58998,104187,98172,131,78
59009,104264,98194,131,78
59019,104355,98218,131,78
59029,104491,98289,131,78
59039,104544,98327,131,78
59049,104620,98363,131,78
59059,104649,98397,131,78
59069,104641,98383,131,78
59079,104631,98386,131,78
59089,104594,98383,131,78
59099,104591,98349,131,78
59109,104548,98345,131,78
59119,104573,98347,131,78
59129,104609,98353,131,78
59139,104636,98370,131,78
59149,104641,98361,131,78
59159,104660,98387,131,78
59169,104658,98401,131,78
59180,104715,98405,131,78
59189,104746,98433,131,78
59199,104780,98429,131,78
59209,104801,98458,131,78
59220,104898,98498,131,78
59230,104957,98528,131,78
59240,104997,98527,131,78
59250,105058,98556,131,78
59260,105090,98579,131,78
59270,105117,98571,131,78
59280,105129,98568,131,78
59290,105152,98604,131,78
59300,105202,98614,131,78
59310,105237,98635,131,78
59320,105293,98682,131,78
59330,105328,98703,131,78
59340,105364,98694,131,78
59350,105390,98751,131,78
59360,105424,98733,131,78
59370,105435,98723,131,78
59380,105451,98744,131,78
59390,105495,98769,131,78
59400,105451,98763,131,78
59410,105389,98734,131,78
59420,105212,98659,131,78
59431,104944,98542,131,78
59441,104631,98399,131,78
59451,104311,98265,131,78
59460,104025,98160,131,78
59471,103740,98048,131,78
59481,103508,97937,131,78
59491,103344,97890,131,78
59501,103241,97844,131,78
59511,103182,97827,131,78
59521,103220,97829,131,78
59531,103254,97824,131,78
59541,103293,97833,131,78
59551,103357,97878,131,78
59561,103463,97911,131,78
59571,103545,97919,131,78
59581,103591,97952,131,78
59591,103712,98020,131,78
59601,103757,98034,131,78
59611,103818,98059,131,78
59621,103928,98114,131,78
59631,104014,98168,131,78
59642,104116,98181,131,78
59652,104232,98241,131,78
59661,104367,98308,131,78
59671,104449,98322,131,78
59682,104536,98366,131,78
59692,104613,98403,131,78
59702,104680,98434,131,78
59712,104672,98413,131,78
59722,104742,98459,131,78
59732,104750,98460,131,78
59742,104782,98479,131,78
59752,104814,98479,131,78
59762,104823,98491,131,78
59772,104780,98463,131,78
59782,104843,98488,131,78
59792,104909,98524,131,78
59802,104951,98543,131,78
59812,104996,98557,131,78
59822,105030,98598,131,78
59832,105021,98587,131,78
59842,105054,98618,131,78
59853,105059,98612,131,78
59862,105086,98617,131,78
59872,105125,98633,131,78
59882,105194,98677,131,78
59893,105274,98702,131,78
59903,105316,98695,131,78
59913,105368,98718,131,78
59922,105451,98772,131,78
59933,105505,98797,131,78
59943,105558,98806,131,78
59953,105605,98841,131,78
59963,105640,98862,131,78
59973,105697,98875,131,78
59983,105796,98926,131,78
59993,105812,98931,131,78
60003,105835,98950,131,78
60013,105848,98963,131,78
60023,105884,98992,131,78
60033,105866,98954,131,78
60043,105820,98939,131,78
60053,105729,98914,131,78
60063,105541,98822,131,78
60073,105269,98697,131,78
60083,104941,98572,131,78
60093,104620,98434,131,78
60103,104302,98298,131,78
60114,104023,98188,131,78
60123,103817,98104,131,78
60133,103622,97999,131,78
60144,103517,97969,131,78
60154,103473,97938,131,78
60164,103452,97948,131,78
60174,103454,97947,131,78
60184,103552,97978,131,78
60194,103569,97990,131,78
60204,103629,97995,131,78
60214,103716,98042,131,78
60224,103809,98070,131,78
60234,103861,98077,131,78
60244,103967,98148,131,78
60254,104063,98190,131,78
60264,104168,98196,131,78
60274,104244,98244,131,78
60284,104377,98311,131,78
60294,104470,98318,131,78
60304,104590,98391,131,78
60314,104712,98458,131,78
60324,104794,98464,131,78
60334,104830,98505,131,78
60344,104884,98538,131,78
60354,104875,98523,131,78
60365,104878,98509,131,78
60375,104821,98506,131,78
60385,104789,98498,131,78
60394,104751,98472,131,78
60405,104739,98470,131,78
60415,104743,98467,131,78
60425,104737,98476,131,78
60435,104770,98483,131,78
60445,104793,98485,131,78
60455,104844,98517,131,78
60465,104904,98536,131,78
60475,104919,98521,131,78
60485,104926,98564,131,78
60495,104955,98557,131,78
60505,104972,98569,131,78
60515,104981,98564,131,78
60525,105022,98576,131,78
60535,105033,98602,131,78
60545,105079,98611,131,78
60555,105087,98595,131,78
60565,105127,98632,131,78
60575,105218,98658,131,78
60585,105240,98678,131,78
60596,105304,98716,131,78
60606,105373,98742,131,78
60615,105424,98755,131,78
60625,105468,98769,131,78
60636,105493,98768,131,78
60646,105553,98819,131,78
60656,105588,98819,131,78
60666,105632,98844,131,78
60676,105701,98868,131,78
60686,105786,98921,131,78
60696,105800,98887,131,78
60706,105784,98899,131,78
60716,105780,98881,131,78
60726,105785,98888,131,78
60736,105719,98848,131,78
60746,105590,98793,131,78
60756,105410,98700,131,78
60766,105192,98641,131,78
60776,104872,98490,131,78
60786,104498,98336,131,78
60796,104143,98169,131,78
60806,103814,98048,131,78
60816,103507,97912,131,78
60826,103253,97797,131,78
60836,103058,97703,131,78
60846,102948,97651,131,78
60856,102874,97624,131,78
60867,102866,97621,131,78
60877,102871,97618,131,78
60887,102923,97637,131,78
60897,102960,97662,131,78
60907,103028,97690,131,78
60917,103030,97697,131,78
60927,103072,97718,131,78
60937,103083,97698,131,78
60947,103135,97730,131,78
60957,103172,97730,131,78
60967,103221,97765,131,78
60977,103301,97787,131,78
60987,103422,97815,131,78
60997,103518,97866,131,78
61007,103661,97910,131,78
61017,103737,97941,131,78
61027,103755,97961,131,78
61037,103755,97941,131,78
61047,103770,97946,131,78
61057,103737,97935,131,78
61068,103718,97914,131,78
61078,103661,97891,131,78
61088,103629,97904,131,78
61098,103592,97866,131,78
61108,103548,97876,131,78
61118,103495,97840,131,78
61128,103460,97844,131,78
61138,103434,97817,131,78
61148,103518,97875,131,78
61158,103560,97890,131,78
61168,103603,97926,131,78
61178,103679,97926,131,78
61188,103745,97989,131,78
61198,103821,97994,131,78
61208,103872,98041,131,78
61218,103904,98042,131,78
61228,103952,98087,131,78
61238,104011,98090,131,78
61248,104085,98145,131,78
61258,104145,98159,131,78
61268,104243,98218,131,78
61278,104303,98253,131,78
61288,104416,98282,131,78
61298,104503,98320,131,78
61308,104599,98385,131,78
61318,104648,98392,131,78
61328,104703,98417,131,78
61338,104752,98412,131,78
61348,104792,98459,131,78
61359,104830,98459,131,78
61369,104908,98494,131,78
61379,104961,98518,131,78
61389,105019,98560,131,78
61399,105041,98568,131,78
61409,105062,98575,131,78
61419,105067,98563,131,78
61429,105048,98564,131,78
61439,104938,98538,131,78
61449,104809,98475,131,78
61459,104566,98374,131,78
61469,104283,98276,131,78
61479,103957,98130,131,78
61489,103634,98015,131,78
61499,103363,97890,131,78
61509,103121,97802,131,78
61519,102933,97727,131,78
61529,102793,97674,131,78
61539,102722,97653,131,78
61549,102705,97635,131,78
61559,102739,97641,131,78
61570,102798,97677,131,78
61580,102879,97693,131,78
61590,102977,97746,131,78
61600,103083,97774,131,78
61610,103176,97824,131,78
61620,103278,97849,131,78
61630,103371,97907,131,78
61640,103431,97919,131,78
61650,103494,97965,131,78
61660,103542,97991,131,78
61670,103645,98050,131,78
61680,103744,98063,131,78
61690,103871,98133,131,78
61700,103994,98183,131,78
61710,104108,98251,131,78
61720,104192,98286,131,78
61730,104218,98281,131,78
61740,104230,98279,131,78
61750,104197,98267,131,78
61760,104197,98281,131,78
61770,104189,98267,131,78
61780,104166,98253,131,78
61790,104180,98274,131,78
61800,104173,98286,131,78
61810,104185,98290,131,78
61821,104189,98288,131,78
61831,104215,98302,131,78
61841,104212,98301,131,78
61851,104216,98295,131,78
61861,104205,98291,131,78
61871,104225,98307,131,78
61881,104250,98313,131,78
61891,104316,98340,131,78
61901,104360,98350,131,78
61911,104429,98383,131,78
61921,104504,98413,131,78
61931,104584,98428,131,78
61941,104643,98458,131,78
61951,104730,98534,131,78
61961,104772,98536,131,78
61971,104811,98561,131,78
61981,104850,98577,131,78
61991,104866,98583,131,78
62001,104898,98575,131,78
62011,104920,98600,131,78
62021,104975,98611,131,78
62031,105055,98664,131,78
62041,105139,98664,131,78
62052,105237,98747,131,78
62061,105307,98764,131,78
62071,105360,98797,131,78
62081,105392,98780,131,78
62091,105404,98802,131,78
62102,105356,98793,131,78
62112,105229,98747,131,78
62122,105021,98669,131,78
62132,104744,98545,131,78
62142,104445,98424,131,78
62152,104111,98314,131,78
62162,103815,98171,131,78
62172,103541,98064,131,78
62182,103315,97978,131,78
62192,103198,97906,131,78
62202,103066,97858,131,78
62212,103005,97854,131,78
62222,102999,97833,131,78
62232,102988,97833,131,78
62242,103046,97840,131,78
62252,103103,97860,131,78
62262,103206,97904,131,78
62272,103318,97967,131,78
62282,103409,97996,131,78
62292,103515,98044,131,78
62302,103575,98075,131,78
62313,103648,98110,131,78
62323,103744,98160,131,78
62333,103835,98191,131,78
62343,103959,98235,131,78
62352,104060,98270,131,78
62362,104161,98318,131,78
62372,104234,98355,131,78
62383,104295,98365,131,78
62393,104384,98398,131,78
62403,104406,98435,131,78
62413,104456,98452,131,78
62423,104469,98463,131,78
62433,104495,98439,131,78
62443,104510,98477,131,78
62453,104531,98485,131,78
62463,104553,98474,131,78
62473,104572,98511,131,78
62483,104588,98523,131,78
62493,104585,98516,131,78
62503,104583,98517,131,78
62513,104561,98504,131,78
62523,104588,98507,131,78
62533,104608,98547,131,78
62543,104682,98564,131,78
62553,104719,98578,131,78
62564,104793,98602,131,78
62574,104862,98642,131,78
62583,104976,98682,131,78
62593,105033,98710,131,78
62603,105075,98727,131,78
62614,105144,98760,131,78
62624,105238,98802,131,78
62634,105275,98819,131,78
62644,105324,98835,131,78
62654,105352,98865,131,78
62664,105400,98881,131,78
62674,105460,98933,131,78
62684,105514,98941,131,78
62694,105554,98948,131,78
62704,105623,98981,131,78
62714,105679,99012,131,78
62724,105730,99057,131,78
62734,105787,99063,131,78
62744,105830,99073,131,78
62754,105785,99082,131,78
62764,105679,99021,131,78
62774,105426,98901,131,78
62784,105137,98794,131,78
62794,104842,98685,131,78
62804,104502,98547,131,78
62814,104179,98402,131,78
62825,103880,98286,131,78
62835,103627,98185,131,78
62845,103463,98110,131,78
62854,103296,98036,131,78
62864,103191,98000,131,78
62875,103150,97978,131,78
62885,103143,97956,131,78
62895,103197,98009,131,78
62905,103284,98039,131,78
62915,103379,98060,131,78
62925,103500,98099,131,78
62935,103572,98133,131,78
62945,103648,98186,131,78
62955,103705,98195,131,78
62965,103754,98234,131,78
62975,103811,98252,131,78
62985,103897,98300,131,78
62995,103982,98320,131,78
63005,104112,98374,131,78
63015,104234,98431,131,78
63025,104359,98482,131,78
63035,104455,98521,131,78
63046,104520,98554,131,78
63056,104553,98555,131,78
63066,104583,98575,131,78
63075,104575,98564,131,78
63085,104572,98571,131,78
63096,104548,98549,131,78
63106,104554,98559,131,78
63116,104570,98560,131,78
63126,104588,98558,131,78
63136,104599,98561,131,78
63146,104629,98589,131,78
63156,104649,98603,131,78
63166,104667,98599,131,78
63176,104690,98615,131,78
63186,104687,98623,131,78
63196,104688,98628,131,78
63206,104753,98657,131,78
63216,104807,98658,131,78
63226,104855,98691,131,78
63236,104956,98718,131,78
63246,105066,98785,131,78
63256,105176,98808,131,78
63266,105261,98847,131,78
63276,105304,98880,131,78
63286,105323,98889,131,78
63296,105373,98919,131,78
63306,105426,98928,131,78
63317,105429,98930,131,78
63327,105502,98946,131,78
63336,105547,98989,131,78
63346,105602,99013,131,78
63357,105662,99030,131,78
63367,105714,99078,131,78
63377,105796,99100,131,78
63387,105864,99117,131,78
63397,105880,99112,131,78
63407,105919,99143,131,78
63417,105959,99174,131,78
63427,105980,99178,131,78
63437,105992,99164,131,78
63447,105985,99172,131,78
63457,105887,99149,131,78
63467,105736,99080,131,78
63477,105527,98983,131,78
63487,105227,98851,131,78
63497,104890,98700,131,78
63507,104609,98595,131,78
63517,104305,98468,131,78
63527,104042,98351,131,78
63537,103820,98248,131,78
63547,103653,98178,131,78
63557,103552,98139,131,78
63567,103529,98134,131,78
63577,103506,98098,131,78
63588,103529,98132,131,78
63598,103563,98145,131,78
63608,103633,98163,131,78
63618,103682,98184,131,78
63628,103744,98202,131,78
63638,103802,98206,131,78
63648,103880,98237,131,78
63658,103904,98256,131,78
63668,103986,98294,131,78
63678,104072,98334,131,78
63688,104173,98347,131,78
63698,104249,98369,131,78
63708,104319,98436,131,78
63718,104394,98447,131,78
63728,104465,98477,131,78
63738,104513,98507,131,78
63748,104601,98552,131,78
63759,104666,98568,131,78
63769,104725,98590,131,78
63778,104770,98618,131,78
63788,104814,98637,131,78
63798,104814,98620,131,78
63808,104807,98621,131,78
63819,104795,98624,131,78
63829,104827,98610,131,78
63839,104800,98641,131,78
63849,104832,98638,131,78
63859,104858,98657,131,78
63869,104911,98671,131,78
63879,104920,98688,131,78
63889,104988,98699,131,78
63899,105042,98733,131,78
63909,105120,98743,131,78
63919,105199,98786,131,78
63929,105313,98844,131,78
63939,105415,98898,131,78
63949,105518,98921,131,78
63959,105604,98947,131,78
63969,105723,98972,131,78
63979,105773,99018,131,78
63989,105858,99047,131,78
63999,105954,99115,131,78
64009,106064,99171,131,78
64020,106119,99179,131,78
64030,106206,99224,131,78
64040,106322,99268,131,78
64049,106410,99309,131,78
64060,106430,99308,131,78
64070,106492,99345,131,78
64080,106534,99374,131,78
64090,106620,99383,131,78
64100,106654,99415,131,78
64110,106734,99463,131,78
64120,106838,99478,131,78
64130,106900,99504,131,78
64140,106934,99516,131,78
64150,106946,99542,131,78
64160,106853,99491,131,78
64170,106716,99448,131,78
64180,106482,99352,131,78
64190,106227,99247,131,78
64200,105947,99101,131,78
64210,105649,98984,131,78
64220,105386,98836,131,78
64230,105177,98773,131,78
64240,104958,98680,131,78
64250,104793,98613,131,78
64261,104690,98557,131,78
64271,104645,98558,131,78
64280,104586,98513,131,78
64290,104572,98522,131,78
64301,104580,98510,131,78
64311,104633,98541,131,78
64321,104705,98567,131,78
64331,104799,98599,131,78
64341,104855,98621,131,78
64351,104944,98686,131,78
64361,105014,98709,131,78
64371,105091,98746,131,78
64381,105139,98758,131,78
64391,105214,98786,131,78
64401,105334,98828,131,78
64411,105445,98880,131,78
64421,105533,98913,131,78
64431,105633,98956,131,78
64441,105739,99013,131,78
64451,105790,99027,131,78
64461,105794,99011,131,78
64471,105816,99001,131,78
64481,105799,99002,131,78
64491,105786,99005,131,78
64501,105761,98963,131,78
64512,105701,98929,131,78
64522,105668,98906,131,78
64532,105644,98872,131,78
64542,105569,98835,131,78
64552,105543,98825,131,78
64562,105539,98808,131,78
64572,105550,98821,131,78
64582,105566,98825,131,78
64592,105589,98844,131,78
64602,105618,98844,131,78
64612,105664,98886,131,78
64622,105702,98877,131,78
64632,105720,98898,131,78
64642,105727,98884,131,78
64652,105748,98898,131,78
64662,105785,98908,131,78
64672,105836,98933,131,78
64682,105883,98939,131,78
64692,105943,98980,131,78
64702,105965,98990,131,78
64712,106025,99011,131,78
64722,106085,99042,131,78
64732,106156,99063,131,78
64742,106194,99101,131,78
64752,106260,99144,131,78
64763,106323,99149,131,78
64773,106395,99196,131,78
64783,106438,99216,131,78
64793,106500,99229,131,78
64803,106545,99261,131,78
64813,106605,99271,131,78
64823,106680,99309,131,78
64833,106696,99335,131,78
64843,106774,99354,131,78
64853,106801,99364,131,78
64863,106848,99380,131,78
64873,106854,99396,131,78
64883,106810,99374,131,78
64893,106699,99330,131,78
64903,106509,99258,131,78
64913,106283,99145,131,78
64923,106010,99024,131,78
64933,105747,98902,131,78
64943,105471,98776,131,78
64953,105208,98681,131,78
64963,105002,98601,131,78
64973,104826,98518,131,78
64983,104700,98469,131,78
64994,104630,98444,131,78
65004,104602,98421,131,78
65014,104596,98417,131,78
65024,104609,98418,131,78
65034,104682,98449,131,78
65044,104713,98470,131,78
65054,104753,98473,131,78
65064,104770,98487,131,78
65074,104788,98492,131,78
65084,104822,98497,131,78
65094,104873,98531,131,78
65104,104971,98557,131,78
65114,105045,98594,131,78
65124,105146,98628,131,78
65134,105225,98666,131,78
65144,105314,98696,131,78
65154,105395,98734,131,78
65165,105451,98740,131,78
65175,105483,98778,131,78
65185,105550,98785,131,78
65195,105595,98826,131,78
65205,105599,98826,131,78
65215,105634,98834,131,78
65225,105677,98855,131,78
65234,105683,98846,131,78
65245,105694,98855,131,78
65255,105703,98850,131,78
65265,105704,98851,131,78
65275,105697,98850,131,78
65285,105714,98853,131,78
65295,105753,98870,131,78
65305,105770,98871,131,78
65315,105792,98866,131,78
65325,105817,98885,131,78
65335,105846,98912,131,78
65345,105901,98928,131,78
65355,105943,98935,131,78
65365,105986,98973,131,78
65375,106043,98997,131,78
65385,106074,99016,131,78
65395,106107,99023,131,78
65405,106207,99059,131,78
65415,106286,99088,131,78
65426,106345,99108,131,78
65436,106422,99144,131,78
65446,106510,99168,131,78
65456,106539,99196,131,78
65466,106599,99222,131,78
65476,106637,99234,131,78
65486,106692,99260,131,78
65496,106730,99287,131,78
65506,106786,99291,131,78
65516,106826,99315,131,78
65526,106874,99334,131,78
65536,106913,99360,131,78
65546,106941,99374,131,78
65556,106953,99356,131,78
65566,106948,99362,131,78
65576,106920,99345,131,78
65586,106908,99335,131,78
65596,106889,99317,131,78
65606,106885,99315,131,78
65616,106878,99287,131,78
65626,106820,99276,131,78
65636,106695,99221,131,78
65646,106571,99164,131,78
65656,106339,99086,131,78
65666,106134,99002,131,78
65677,105891,98886,131,78
65687,105645,98775,131,78
65697,105404,98684,131,78
65707,105225,98610,131,78
65717,105073,98532,131,78
65727,104924,98478,131,78
65737,104847,98425,131,78
65747,104791,98404,131,78
65757,104760,98386,131,78
65767,104756,98379,131,78
65777,104770,98374,131,78
65787,104802,98372,131,78
65797,104812,98406,131,78
65807,104854,98448,131,78
65817,104923,98447,131,78
65827,104961,98473,131,78
65837,105048,98510,131,78
65847,105102,98530,131,78
65857,105208,98584,131,78
65867,105292,98616,131,78
65877,105375,98660,131,78
65887,105466,98700,131,78
65897,105538,98734,131,78
65908,105604,98761,131,78
65918,105652,98762,131,78
65928,105710,98779,131,78
65938,105711,98790,131,78
65948,105709,98774,131,78
65958,105705,98759,131,78
65968,105690,98754,131,78
65978,105669,98745,131,78
65988,105680,98741,131,78
65998,105678,98750,131,78
66008,105702,98765,131,78
66018,105719,98754,131,78
66028,105726,98783,131,78
66038,105736,98762,131,78
66048,105784,98774,131,78
66058,105772,98764,131,78
66068,105809,98763,131,78
66078,105816,98777,131,78
66088,105833,98784,131,78
66098,105857,98814,131,78
66108,105888,98817,131,78
66118,105909,98822,131,78
66128,105976,98844,131,78
66138,106008,98862,131,78
66149,106059,98906,131,78
66159,106082,98904,131,78
66169,106143,98944,131,78
66179,106163,98931,131,78
66189,106202,98957,131,78
66199,106232,98958,131,78
66209,106280,98995,131,78
66219,106304,99012,131,78
66229,106354,99044,131,78
66239,106387,99023,131,78
66249,106401,99043,131,78
66259,106382,99019,131,78
66269,106392,99023,131,78
66279,106381,99035,131,78
66289,106375,99031,131,78
66299,106381,99003,131,78
66309,106348,99008,131,78
66319,106287,98974,131,78
66329,106205,98927,131,78
66339,106069,98898,131,78
66349,105909,98845,131,78
66359,105724,98782,131,78
66369,105508,98690,131,78
66380,105290,98590,131,78
66390,105096,98488,131,78
66400,104875,98394,131,78
66410,104725,98335,131,78
66420,104592,98251,131,78
66430,104493,98229,131,78
66440,104428,98189,131,78
66450,104407,98182,131,78
66460,104376,98165,131,78
66470,104379,98165,131,78
66480,104377,98172,131,78
66490,104421,98182,131,78
66500,104456,98187,131,78
66510,104512,98214,131,78
66520,104577,98246,131,78
66530,104619,98268,131,78
66540,104679,98294,131,78
66550,104745,98323,131,78
66560,104786,98352,131,78
66570,104858,98368,131,78
66580,104932,98401,131,78
66590,104974,98408,131,78
66600,104997,98438,131,78
66610,105019,98434,131,78
66621,105011,98443,131,78
66631,104996,98451,131,78
66641,104989,98428,131,78
66651,104958,98413,131,78
66661,104935,98394,131,78
66671,104974,98393,131,78
66681,104970,98406,131,78
66691,104993,98444,131,78
66701,105000,98439,131,78
66711,105001,98443,131,78
66721,105002,98440,131,78
66731,105014,98449,131,78
66741,105002,98452,131,78
66751,105046,98469,131,78
66762,105079,98477,131,78
66772,105121,98515,131,78
66782,105173,98547,131,78
66792,105265,98576,131,78
66802,105277,98576,131,78
66812,105317,98592,131,78
66822,105314,98596,131,78
66832,105348,98618,131,78
66842,105364,98617,131,78
66852,105386,98628,131,78
66862,105437,98649,131,78
66872,105475,98659,131,78
66882,105488,98681,131,78
66892,105525,98707,131,78
66902,105546,98695,131,78
66912,105609,98723,131,78
66922,105645,98723,131,78
66932,105675,98763,131,78
66942,105666,98748,131,78
66952,105663,98733,131,78
66962,105631,98729,131,78
66972,105620,98708,131,78
66982,105569,98690,131,78
66992,105470,98660,131,78
67003,105334,98592,131,78
67013,105164,98529,131,78
67023,104932,98423,131,78
67033,104730,98345,131,78
67043,104489,98244,131,78
67053,104303,98177,131,78
67063,104130,98084,131,78
67073,103996,98052,131,78
67083,103889,97990,131,78
67093,103809,97965,131,78
67103,103702,97907,131,78
67113,103664,97902,131,78
67123,103659,97906,131,78
67133,103690,97918,131,78
67143,103695,97931,131,78
67153,103723,97940,131,78
67163,103744,97945,131,78
67173,103812,97971,131,78
67183,103873,98013,131,78
67193,103950,98039,131,78
67203,103982,98058,131,78
67213,104076,98102,131,78
67223,104121,98122,131,78
67233,104213,98179,131,78
67244,104262,98194,131,78
67254,104356,98228,131,78
67264,104410,98263,131,78
67274,104490,98315,131,78
67284,104522,98322,131,78
67294,104521,98318,131,78
67304,104504,98314,131,78
67314,104496,98311,131,78
67324,104492,98302,131,78
67334,104492,98312,131,78
67344,104500,98304,131,78
67354,104533,98324,131,78
67364,104572,98340,131,78
67374,104616,98354,131,78
67384,104668,98377,131,78
67394,104662,98385,131,78
67404,104680,98386,131,78
67414,104684,98400,131,78
67424,104691,98396,131,78
67434,104729,98411,131,78
67444,104746,98426,131,78
67454,104759,98430,131,78
67464,104825,98436,131,78
67475,104870,98479,131,78
67485,104946,98485,131,78
67495,104995,98525,131,78
67505,105054,98518,131,78
67515,105103,98565,131,78
67525,105141,98575,131,78
67535,105162,98597,131,78
67545,105185,98616,131,78
67555,105251,98638,131,78
67565,105277,98664,131,78
67575,105347,98700,131,78
67585,105393,98711,131,78
67595,105469,98744,131,78
67605,105536,98782,131,78
67615,105595,98813,131,78
67625,105655,98814,131,78
67635,105679,98837,131,78
67645,105695,98836,131,78
67655,105700,98858,131,78
67665,105684,98823,131,78
67675,105619,98798,131,78
67685,105492,98750,131,78
67695,105343,98698,131,78
67706,105122,98590,131,78
67716,104873,98498,131,78
67726,104640,98393,131,78
67736,104414,98281,131,78
67746,104207,98198,131,78
67756,104047,98123,131,78
67766,103890,98046,131,78
67776,103764,98026,131,78
67786,103698,98009,131,78
67796,103675,98008,131,78
67806,103690,98005,131,78
67816,103745,98069,131,78
67826,103821,98085,131,78
67836,103881,98126,131,78
67846,103956,98142,131,78
67856,103997,98189,131,78
67866,104073,98203,131,78
67876,104138,98248,131,78
67886,104188,98257,131,78
67896,104265,98287,131,78
67906,104340,98340,131,78
67916,104414,98365,131,78
67926,104513,98404,131,78
67937,104578,98445,131,78
67947,104674,98485,131,78
67957,104728,98510,131,78
67967,104790,98550,131,78
67977,104864,98568,131,78
67987,104906,98601,131,78
67997,104933,98608,131,78
68007,104975,98619,131,78
68017,105033,98655,131,78
68027,105083,98677,131,78
68037,105126,98695,131,78
68047,105189,98733,131,78
68057,105234,98764,131,78
68067,105285,98790,131,78
68077,105339,98831,131,78
68087,105413,98825,131,78
68097,105434,98872,131,78
68107,105503,98897,131,78
68117,105567,98947,131,78
68127,105646,98960,131,78
68137,105694,98961,131,78
68148,105735,99012,131,78
68158,105819,99029,131,78
68168,105859,99063,131,78
68178,105918,99081,131,78
68188,105972,99105,131,78
68197,106038,99154,131,78
68208,106124,99145,131,78
68218,106167,99187,131,78
68228,106213,99215,131,78
68238,106299,99236,131,78
68248,106378,99255,131,78
68258,106413,99293,131,78
68268,106502,99336,131,78
68278,106551,99366,131,78
68288,106586,99364,131,78
68298,106594,99363,131,78
68308,106638,99390,131,78
68318,106705,99410,131,78
68328,106746,99429,131,78
68338,106812,99479,131,78
68348,106825,99480,131,78
68359,106770,99489,131,78
68369,106670,99442,131,78
68378,106502,99393,131,78
68388,106309,99295,131,78
68398,106099,99228,131,78
68408,105845,99121,131,78
68419,105588,98996,131,78
68429,105420,98936,131,78
68439,105250,98885,131,78
68449,105136,98837,131,78
68459,105034,98792,131,78
68469,104938,98751,131,78
68479,104871,98737,131,78
68489,104855,98722,131,78
68499,104849,98705,131,78
68509,104836,98715,131,78
68519,104866,98730,131,78
68529,104935,98755,131,78
68539,105003,98792,131,78
68549,105064,98803,131,78
68559,105096,98816,131,78
68569,105168,98863,131,78
68579,105294,98914,131,78
68589,105355,98940,131,78
68599,105412,98953,131,78
68609,105495,99004,131,78
68619,105573,99052,131,78
68630,105642,99071,131,78
68640,105694,99077,131,78
68650,105744,99120,131,78
68659,105809,99145,131,78
68670,105823,99166,131,78
68680,105850,99143,131,78
68690,105896,99198,131,78
68700,105941,99186,131,78
68710,105938,99206,131,78
68720,105979,99234,131,78
68730,105975,99216,131,78
68740,105989,99214,131,78
68750,106023,99252,131,78
68760,106021,99226,131,78
68770,106016,99245,131,78
68780,106046,99241,131,78
68790,106064,99257,131,78
68800,106062,99253,131,78
68810,106113,99281,131,78
68820,106181,99298,131,78
68831,106199,99289,131,78
68841,106235,99330,131,78
68850,106327,99366,131,78
68860,106337,99347,131,78
68871,106397,99402,131,78
68881,106452,99443,131,78
68891,106504,99456,131,78
68901,106563,99462,131,78
68911,106631,99512,131,78
68921,106665,99497,131,78
68931,106718,99545,131,78
68941,106781,99590,131,78
68951,106826,99605,131,78
68961,106869,99600,131,78
68971,106934,99659,131,78
68981,106966,99675,131,78
68991,107028,99680,131,78
69001,107065,99718,131,78
69011,107140,99731,131,78
69021,107174,99754,131,78
69031,107230,99765,131,78
69041,107221,99742,131,78
69051,107160,99737,131,78
69061,107099,99714,131,78
69071,106939,99657,131,78
69082,106734,99556,131,78
69092,106496,99480,131,78
69101,106266,99387,131,78
69111,105996,99271,131,78
69122,105668,99139,131,78
69132,105416,99038,131,78
69142,105173,98920,131,78
69152,105004,98852,131,78
69162,104881,98789,131,78
69172,104808,98780,131,78
69182,104753,98741,131,78
69192,104687,98729,131,78
69202,104680,98741,131,78
69212,104661,98712,131,78
69222,104646,98703,131,78
69232,104693,98739,131,78
69242,104717,98743,131,78
69252,104770,98759,131,78
69262,104845,98802,131,78
69272,104978,98867,131,78
69282,105066,98898,131,78
69293,105181,98932,131,78
69302,105256,98990,131,78
69312,105357,99039,131,78
69322,105418,99040,131,78
69333,105485,99092,131,78
69343,105525,99097,131,78
69353,105594,99147,131,78
69362,105626,99151,131,78
69373,105697,99169,131,78
69383,105703,99172,131,78
69393,105713,99200,131,78
69403,105712,99172,131,78
69413,105708,99164,131,78
69423,105674,99154,131,78
69433,105661,99165,131,78
69443,105629,99119,131,78
69453,105618,99119,131,78
69463,105607,99122,131,78
69473,105582,99109,131,78
69483,105553,99078,131,78
69493,105589,99122,131,78
69503,105581,99116,131,78
69513,105579,99107,131,78
69523,105608,99132,131,78
69533,105655,99123,131,78
69544,105668,99154,131,78
69553,105719,99162,131,78
69563,105713,99149,131,78
69573,105720,99170,131,78
69584,105681,99144,131,78
69594,105692,99143,131,78
69604,105681,99130,131,78
69614,105718,99140,131,78
69624,105755,99153,131,78
69634,105826,99199,131,78
69644,105869,99205,131,78
69654,105887,99234,131,78
69664,105930,99237,131,78
69674,105995,99267,131,78
69684,105965,99240,131,78
69694,105979,99232,131,78
69704,105981,99207,131,78
69714,106000,99230,131,78
69724,106007,99243,131,78
69734,105959,99221,131,78
69744,105804,99164,131,78
69754,105610,99096,131,78
69764,105370,98991,131,78
69774,105132,98884,131,78
69784,104811,98751,131,78
69794,104527,98602,131,78
69805,104236,98495,131,78
69815,104016,98402,131,78
69825,103828,98362,131,78
69834,103741,98298,131,78
69844,103649,98270,131,78
69855,103600,98247,131,78
69865,103593,98270,131,78
69875,103622,98267,131,78
69885,103695,98309,131,78
69895,103772,98349,131,78
69905,103821,98360,131,78
69915,103915,98384,131,78
69925,103985,98423,131,78
69935,104126,98517,131,78
69945,104219,98552,131,78
69955,104363,98611,131,78
69965,104445,98642,131,78
69975,104579,98700,131,78
69985,104650,98728,131,78
69995,104721,98779,131,78
70005,104810,98790,131,78
70015,104870,98819,131,78
70025,104905,98807,131,78
70036,104928,98845,131,78
70046,104919,98838,131,78
70056,104935,98859,131,78
70065,104935,98827,131,78
70075,104939,98843,131,78
70085,104915,98821,131,78
70096,104903,98817,131,78
70106,104879,98803,131,78
70116,104865,98810,131,78
70126,104857,98788,131,78
70136,104844,98799,131,78
70146,104889,98794,131,78
70156,104948,98835,131,78
70166,105030,98859,131,78
70176,105076,98904,131,78
70186,105123,98905,131,78
70196,105172,98929,131,78
70206,105176,98927,131,78
70216,105216,98976,131,78
70226,105254,98983,131,78
70236,105273,98971,131,78
70246,105268,98960,131,78
70256,105312,98982,131,78
70267,105352,99024,131,78
70276,105420,99044,131,78
70286,105469,99054,131,78
70296,105501,99070,131,78
70306,105524,99067,131,78
70316,105575,99091,131,78
70327,105604,99106,131,78
70337,105649,99131,131,78
70347,105670,99128,131,78
70357,105719,99144,131,78
70367,105785,99160,131,78
70377,105838,99206,131,78
70387,105813,99210,131,78
70397,105774,99187,131,78
70407,105611,99114,131,78
70417,105353,98987,131,78
70427,105041,98858,131,78
70437,104694,98703,131,78
70447,104368,98587,131,78
70457,104086,98452,131,78
70467,103817,98348,131,78
70477,103672,98270,131,78
70487,103522,98242,131,78
70497,103423,98190,131,78
70507,103356,98175,131,78
70517,103353,98173,131,78
70528,103312,98132,131,78
70538,103296,98169,131,78
70548,103329,98178,131,78
70558,103382,98214,131,78
70568,103434,98215,131,78
70577,103511,98259,131,78
70588,103584,98280,131,78
70598,103680,98329,131,78
70608,103736,98349,131,78
70618,103835,98385,131,78
70628,103894,98407,131,78
70638,103967,98451,131,78
70648,104049,98468,131,78
70658,104135,98515,131,78
70668,104204,98537,131,78
70678,104246,98547,131,78
70688,104276,98549,131,78
70698,104289,98568,131,78
70708,104288,98561,131,78
70718,104290,98573,131,78
70728,104297,98562,131,78
70738,104282,98551,131,78
70748,104273,98538,131,78
70759,104241,98532,131,78
70769,104215,98525,131,78
70779,104178,98529,131,78
70789,104181,98529,131,78
70799,104180,98531,131,78
70809,104170,98508,131,78
70818,104117,98490,131,78
70829,104104,98498,131,78
70839,104110,98495,131,78
70849,104118,98483,131,78
70859,104118,98500,131,78
70869,104158,98502,131,78
70879,104227,98572,131,78
70889,104295,98586,131,78
70899,104330,98606,131,78
70909,104376,98624,131,78
70919,104429,98636,131,78
70929,104483,98654,131,78
70939,104549,98705,131,78
70949,104605,98727,131,78
70959,104641,98757,131,78
70969,104711,98754,131,78
70979,104728,98786,131,78
70989,104784,98794,131,78
71000,104818,98800,131,78
71010,104851,98819,131,78
71020,104865,98813,131,78
71030,104829,98793,131,78
71040,104694,98737,131,78
71050,104489,98636,131,78
71060,104209,98520,131,78
71070,103890,98387,131,78
71080,103591,98267,131,78
71090,103321,98172,131,78
71100,103074,98083,131,78
71110,102872,98006,131,78
71120,102747,97946,131,78
71130,102636,97912,131,78
71140,102587,97878,131,78
71150,102554,97869,131,78
71160,102554,97845,131,78
71170,102603,97888,131,78
71180,102655,97897,131,78
71190,102735,97928,131,78
71200,102837,97979,131,78
71210,102963,98021,131,78
71220,103067,98070,131,78
71230,103134,98097,131,78
71240,103179,98124,131,78
71250,103248,98161,131,78
71260,103316,98190,131,78
71271,103386,98211,131,78
71281,103472,98261,131,78
71291,103576,98288,131,78
71301,103663,98339,131,78
71311,103713,98367,131,78
71321,103755,98370,131,78
71331,103780,98380,131,78
71341,103796,98370,131,78
71351,103783,98374,131,78
71361,103771,98370,131,78
71371,103740,98333,131,78
71381,103718,98354,131,78
71391,103721,98373,131,78
71401,103746,98366,131,78
71411,103757,98361,131,78
71421,103786,98366,131,78
71431,103806,98385,131,78
71441,103831,98415,131,78
71451,103863,98439,131,78
71462,103899,98442,131,78
71472,103944,98448,131,78
71482,103975,98459,131,78
71492,104006,98463,131,78
71502,104072,98512,131,78
71512,104144,98523,131,78
71522,104178,98536,131,78
71531,104242,98556,131,78
71541,104305,98591,131,78
71552,104384,98633,131,78
71562,104440,98646,131,78
71572,104497,98676,131,78
71582,104586,98710,131,78
71592,104626,98743,131,78
71602,104731,98774,131,78
71612,104796,98796,131,78
71622,104829,98824,131,78
71632,104905,98859,131,78
71642,104962,98891,131,78
71652,105056,98960,131,78
71662,105130,98968,131,78
71672,105172,98968,131,78
71682,105112,98948,131,78
71692,104984,98899,131,78
71702,104777,98794,131,78
71712,104542,98718,131,78
71722,104259,98592,131,78
71733,103991,98484,131,78
71743,103736,98370,131,78
71753,103529,98299,131,78
71763,103387,98211,131,78
71773,103311,98201,131,78
71783,103272,98184,131,78
71793,103270,98200,131,78
71803,103299,98208,131,78
71813,103348,98237,131,78
71823,103391,98260,131,78
71833,103434,98280,131,78
71843,103451,98300,131,78
71853,103516,98312,131,78
71863,103580,98362,131,78
71873,103690,98396,131,78
71883,103779,98427,131,78
71893,103889,98490,131,78
71903,103971,98508,131,78
71913,104062,98547,131,78
71923,104086,98541,131,78
71933,104109,98546,131,78
71943,104080,98539,131,78
71953,104096,98540,131,78
71963,104092,98532,131,78
71973,104119,98560,131,78
71983,104080,98541,131,78
71993,104051,98527,131,78
72004,104012,98507,131,78
72014,103964,98505,131,78
72024,103884,98478,131,78
72034,103820,98459,131,78
72044,103752,98429,131,78
72054,103730,98412,131,78
72064,103692,98398,131,78
72074,103651,98386,131,78
72084,103593,98358,131,78
72094,103586,98346,131,78
72104,103579,98350,131,78
72114,103605,98356,131,78
72124,103617,98376,131,78
72134,103673,98389,131,78
72144,103703,98414,131,78
72154,103774,98447,131,78
72164,103823,98467,131,78
72174,103910,98510,131,78
72184,103933,98523,131,78
72195,104009,98555,131,78
72205,104064,98582,131,78
72215,104116,98591,131,78
72225,104174,98620,131,78
72235,104277,98667,131,78
72245,104302,98668,131,78
72255,104354,98727,131,78
72265,104406,98731,131,78
72275,104452,98773,131,78
72285,104480,98768,131,78
72295,104545,98799,131,78
72305,104581,98798,131,78
72315,104645,98820,131,78
72325,104679,98841,131,78
72335,104716,98870,131,78
72345,104735,98842,131,78
72355,104674,98843,131,78
72365,104543,98782,131,78
72375,104339,98696,131,78
72385,104031,98587,131,78
72395,103704,98447,131,78
72405,103350,98284,131,78
72415,103001,98156,131,78
72425,102702,98035,131,78
72435,102514,97952,131,78
72445,102354,97890,131,78
72455,102271,97837,131,78
72465,102199,97820,131,78
72476,102170,97807,131,78
72486,102157,97815,131,78
72496,102166,97798,131,78
72506,102213,97822,131,78
72516,102294,97853,131,78
72526,102379,97878,131,78
72536,102498,97943,131,78
72546,102603,97976,131,78
72556,102709,98024,131,78
72566,102807,98054,131,78
72576,102928,98113,131,78
72586,102942,98117,131,78
72596,102996,98139,131,78
72606,102988,98134,131,78
72616,103032,98150,131,78
72626,103026,98133,131,78
72636,103082,98143,131,78
72646,103100,98154,131,78
72656,103156,98173,131,78
72666,103168,98176,131,78
72676,103211,98186,131,78
72686,103247,98211,131,78
72696,103249,98199,131,78
72707,103220,98192,131,78
72717,103181,98190,131,78
72727,103138,98151,131,78
72737,103136,98172,131,78
72747,103116,98168,131,78
72757,103129,98156,131,78
72767,103144,98189,131,78
72777,103172,98202,131,78
72787,103251,98229,131,78
72797,103332,98248,131,78
72807,103395,98280,131,78
72817,103489,98316,131,78
72827,103505,98313,131,78
72837,103550,98348,131,78
72847,103565,98334,131,78
72857,103595,98374,131,78
72867,103582,98365,131,78
72877,103638,98416,131,78
72887,103669,98410,131,78
72897,103755,98453,131,78
72907,103846,98493,131,78
72917,103938,98547,131,78
72927,104024,98586,131,78
72938,104116,98634,131,78
72948,104173,98638,131,78
72958,104224,98675,131,78
72968,104263,98681,131,78
72978,104284,98713,131,78
72988,104309,98702,131,78
72998,104324,98708,131,78
73008,104356,98706,131,78
73018,104353,98723,131,78
73028,104267,98699,131,78
73038,104152,98658,131,78
73048,103999,98591,131,78
73058,103809,98503,131,78
73068,103545,98388,131,78
73078,103299,98309,131,78
73088,103067,98196,131,78
73098,102862,98141,131,78
73108,102673,98036,131,78
73118,102550,98009,131,78
73128,102471,97975,131,78
73138,102460,97979,131,78
73148,102460,97979,131,78
73158,102502,97998,131,78
73168,102562,98002,131,78
73178,102628,98051,131,78
73188,102687,98032,131,78
73198,102725,98071,131,78
73208,102789,98092,131,78
73218,102869,98122,131,78
73228,102945,98143,131,78
73238,103064,98207,131,78
73248,103198,98258,131,78
